id;name;refresh_token;enabled;creation_time
1;Garden Practical;Loan Colorado;false;2022-02-15T21:52:56
2;Gloves;syndicate;true;2022-02-16T15:39:52
3;withdrawal generate Digitized;Borders cyan Refined;true;2022-02-16T05:00:16
4;Marketing Pants;secondary District;true;2022-02-16T03:18:22
5;innovate Soft;Handcrafted;true;2022-02-16T11:14:53
6;Credit Product;Shirt optimize Garden;true;2022-02-15T17:35:55
7;Internal Keyboard;dynamic;true;2022-02-16T07:40:08
8;Function-based Automotive time-frame;Global Beauty HTTP;false;2022-02-16T01:05:39
9;COM invoice program;neural Accountability Tokelau;true;2022-02-15T23:35:26
10;viral;Internal adapter Ranch;true;2022-02-16T11:18:11
